Changes made at Sat Aug  9 05:58:18 UTC 2025
Changes made at Thu Nov 20 13:44:46 UTC 2025
Changes made at Thu Nov 20 14:26:12 UTC 2025
Changes made at Thu Nov 20 16:33:25 UTC 2025
Changes made at Fri Nov 21 08:35:25 UTC 2025
Changes made at Fri Nov 21 10:27:23 UTC 2025
Changes made at Fri Nov 21 14:25:09 UTC 2025
Changes made at Fri Nov 21 16:30:51 UTC 2025
Changes made at Sat Nov 22 08:30:39 UTC 2025
Changes made at Sat Nov 22 10:24:33 UTC 2025
Changes made at Sat Nov 22 14:21:15 UTC 2025
Changes made at Sat Nov 22 16:29:10 UTC 2025
Changes made at Sun Nov 23 08:30:56 UTC 2025
Changes made at Sun Nov 23 10:24:47 UTC 2025
Changes made at Sun Nov 23 14:21:21 UTC 2025
Changes made at Sun Nov 23 16:29:13 UTC 2025
Changes made at Mon Nov 24 08:36:43 UTC 2025
Changes made at Mon Nov 24 10:30:08 UTC 2025
Changes made at Mon Nov 24 14:27:07 UTC 2025
Changes made at Mon Nov 24 16:29:26 UTC 2025
Changes made at Tue Nov 25 08:35:33 UTC 2025
Changes made at Tue Nov 25 10:30:58 UTC 2025
Changes made at Tue Nov 25 14:26:48 UTC 2025
Changes made at Tue Nov 25 16:35:30 UTC 2025
Changes made at Wed Nov 26 08:35:06 UTC 2025
Changes made at Wed Nov 26 10:30:50 UTC 2025
Changes made at Wed Nov 26 14:27:20 UTC 2025
Changes made at Wed Nov 26 16:33:24 UTC 2025
Changes made at Thu Nov 27 08:35:12 UTC 2025
Changes made at Thu Nov 27 10:29:39 UTC 2025
Changes made at Thu Nov 27 14:26:08 UTC 2025
Changes made at Thu Nov 27 16:32:10 UTC 2025
Changes made at Fri Nov 28 08:35:13 UTC 2025
Changes made at Fri Nov 28 10:28:21 UTC 2025
Changes made at Fri Nov 28 14:25:39 UTC 2025
Changes made at Fri Nov 28 16:32:01 UTC 2025
Changes made at Sat Nov 29 08:32:17 UTC 2025
Changes made at Sat Nov 29 10:25:30 UTC 2025
Changes made at Sat Nov 29 14:22:35 UTC 2025
Changes made at Sat Nov 29 16:30:13 UTC 2025
Changes made at Sun Nov 30 08:30:34 UTC 2025
Changes made at Sun Nov 30 10:25:09 UTC 2025
Changes made at Sun Nov 30 14:22:26 UTC 2025
Changes made at Sun Nov 30 16:30:14 UTC 2025
Changes made at Mon Dec  1 08:38:49 UTC 2025
Changes made at Mon Dec  1 10:31:35 UTC 2025
Changes made at Mon Dec  1 14:28:58 UTC 2025
Changes made at Mon Dec  1 16:36:20 UTC 2025
Changes made at Tue Dec  2 08:37:20 UTC 2025
Changes made at Tue Dec  2 10:30:30 UTC 2025
Changes made at Tue Dec  2 14:29:07 UTC 2025
Changes made at Tue Dec  2 16:37:06 UTC 2025
Changes made at Wed Dec  3 08:38:43 UTC 2025
Changes made at Wed Dec  3 10:31:39 UTC 2025
Changes made at Wed Dec  3 14:28:22 UTC 2025
Changes made at Wed Dec  3 16:37:01 UTC 2025
Changes made at Thu Dec  4 08:36:33 UTC 2025
Changes made at Thu Dec  4 10:31:12 UTC 2025
Changes made at Thu Dec  4 14:28:13 UTC 2025
Changes made at Thu Dec  4 16:37:21 UTC 2025
Changes made at Fri Dec  5 08:34:58 UTC 2025
Changes made at Fri Dec  5 10:28:58 UTC 2025
Changes made at Fri Dec  5 14:27:26 UTC 2025
Changes made at Fri Dec  5 16:33:51 UTC 2025
Changes made at Sat Dec  6 08:31:50 UTC 2025
Changes made at Sat Dec  6 10:25:27 UTC 2025
Changes made at Sat Dec  6 14:21:57 UTC 2025
Changes made at Sat Dec  6 16:30:01 UTC 2025
Changes made at Sun Dec  7 08:31:07 UTC 2025
Changes made at Sun Dec  7 10:24:09 UTC 2025
Changes made at Sun Dec  7 14:22:22 UTC 2025
Changes made at Sun Dec  7 16:29:25 UTC 2025
Changes made at Mon Dec  8 08:38:37 UTC 2025
Changes made at Mon Dec  8 10:31:03 UTC 2025
Changes made at Mon Dec  8 14:29:16 UTC 2025
Changes made at Mon Dec  8 16:35:27 UTC 2025
Changes made at Tue Dec  9 08:37:51 UTC 2025
Changes made at Tue Dec  9 10:31:31 UTC 2025
Changes made at Tue Dec  9 14:28:58 UTC 2025
Changes made at Tue Dec  9 16:34:54 UTC 2025
Changes made at Wed Dec 10 08:37:02 UTC 2025
Changes made at Wed Dec 10 10:35:36 UTC 2025
Changes made at Wed Dec 10 14:29:28 UTC 2025
Changes made at Wed Dec 10 16:35:17 UTC 2025
Changes made at Thu Dec 11 08:37:17 UTC 2025
Changes made at Thu Dec 11 10:32:04 UTC 2025
Changes made at Thu Dec 11 14:27:59 UTC 2025
Changes made at Thu Dec 11 16:39:03 UTC 2025
Changes made at Fri Dec 12 08:37:40 UTC 2025
Changes made at Fri Dec 12 10:30:26 UTC 2025
Changes made at Fri Dec 12 14:24:27 UTC 2025
Changes made at Fri Dec 12 16:33:49 UTC 2025
Changes made at Sat Dec 13 08:31:47 UTC 2025
Changes made at Sat Dec 13 10:26:01 UTC 2025
Changes made at Sat Dec 13 14:23:20 UTC 2025
Changes made at Sat Dec 13 16:30:58 UTC 2025
Changes made at Sun Dec 14 08:32:58 UTC 2025
Changes made at Sun Dec 14 10:26:33 UTC 2025
Changes made at Sun Dec 14 14:23:35 UTC 2025
Changes made at Sun Dec 14 16:30:44 UTC 2025
Changes made at Mon Dec 15 08:40:03 UTC 2025
Changes made at Mon Dec 15 10:34:12 UTC 2025
Changes made at Mon Dec 15 14:32:42 UTC 2025
Changes made at Mon Dec 15 16:39:13 UTC 2025
Changes made at Tue Dec 16 08:38:35 UTC 2025
Changes made at Tue Dec 16 10:32:06 UTC 2025
Changes made at Tue Dec 16 14:31:01 UTC 2025
Changes made at Tue Dec 16 16:37:38 UTC 2025
Changes made at Wed Dec 17 08:37:56 UTC 2025
Changes made at Wed Dec 17 10:31:25 UTC 2025
Changes made at Wed Dec 17 14:29:40 UTC 2025
Changes made at Wed Dec 17 16:36:56 UTC 2025
Changes made at Thu Dec 18 08:37:13 UTC 2025
Changes made at Thu Dec 18 10:30:35 UTC 2025
Changes made at Thu Dec 18 14:29:08 UTC 2025
Changes made at Thu Dec 18 16:37:58 UTC 2025
Changes made at Fri Dec 19 08:36:34 UTC 2025
Changes made at Fri Dec 19 10:29:40 UTC 2025
Changes made at Fri Dec 19 14:27:50 UTC 2025
Changes made at Fri Dec 19 16:34:31 UTC 2025
Changes made at Sat Dec 20 08:32:50 UTC 2025
Changes made at Sat Dec 20 10:26:09 UTC 2025
Changes made at Sat Dec 20 14:23:39 UTC 2025
Changes made at Sat Dec 20 16:30:25 UTC 2025
Changes made at Sun Dec 21 08:33:26 UTC 2025
Changes made at Sun Dec 21 10:26:54 UTC 2025
Changes made at Sun Dec 21 14:23:47 UTC 2025
Changes made at Sun Dec 21 16:31:00 UTC 2025
Changes made at Mon Dec 22 08:38:20 UTC 2025
Changes made at Mon Dec 22 10:30:01 UTC 2025
Changes made at Mon Dec 22 14:27:33 UTC 2025
Changes made at Mon Dec 22 16:34:26 UTC 2025
Changes made at Tue Dec 23 08:37:24 UTC 2025
Changes made at Tue Dec 23 10:30:43 UTC 2025
Changes made at Tue Dec 23 16:35:19 UTC 2025
Changes made at Wed Dec 24 08:37:04 UTC 2025
Changes made at Wed Dec 24 10:28:51 UTC 2025
Changes made at Wed Dec 24 14:26:16 UTC 2025
Changes made at Wed Dec 24 16:33:06 UTC 2025
Changes made at Thu Dec 25 08:35:49 UTC 2025
Changes made at Thu Dec 25 10:28:54 UTC 2025
Changes made at Thu Dec 25 14:26:10 UTC 2025
Changes made at Thu Dec 25 16:33:15 UTC 2025
Changes made at Fri Dec 26 08:35:41 UTC 2025
Changes made at Fri Dec 26 10:28:49 UTC 2025
Changes made at Fri Dec 26 14:26:39 UTC 2025
Changes made at Fri Dec 26 16:31:43 UTC 2025
Changes made at Sat Dec 27 08:34:04 UTC 2025
Changes made at Sat Dec 27 10:27:00 UTC 2025
Changes made at Sat Dec 27 14:24:19 UTC 2025
Changes made at Sat Dec 27 16:31:25 UTC 2025
Changes made at Sun Dec 28 08:34:25 UTC 2025
Changes made at Sun Dec 28 10:27:23 UTC 2025
Changes made at Sun Dec 28 14:25:04 UTC 2025
Changes made at Sun Dec 28 16:32:08 UTC 2025
Changes made at Mon Dec 29 08:39:33 UTC 2025
Changes made at Mon Dec 29 10:30:31 UTC 2025
Changes made at Mon Dec 29 14:28:17 UTC 2025
Changes made at Mon Dec 29 16:33:38 UTC 2025
Changes made at Tue Dec 30 08:36:50 UTC 2025
Changes made at Tue Dec 30 10:31:01 UTC 2025
Changes made at Tue Dec 30 14:27:56 UTC 2025
Changes made at Tue Dec 30 16:35:31 UTC 2025
Changes made at Wed Dec 31 08:36:57 UTC 2025
Changes made at Wed Dec 31 10:28:42 UTC 2025
Changes made at Wed Dec 31 14:26:36 UTC 2025
Changes made at Wed Dec 31 16:33:43 UTC 2025
Changes made at Thu Jan  1 08:36:59 UTC 2026
Changes made at Thu Jan  1 10:30:00 UTC 2026
Changes made at Thu Jan  1 14:26:04 UTC 2026
Changes made at Thu Jan  1 16:34:24 UTC 2026
Changes made at Fri Jan  2 08:36:51 UTC 2026
Changes made at Fri Jan  2 10:28:31 UTC 2026
Changes made at Fri Jan  2 14:27:31 UTC 2026
Changes made at Fri Jan  2 16:33:31 UTC 2026
Changes made at Sat Jan  3 08:34:20 UTC 2026
Changes made at Sat Jan  3 10:27:14 UTC 2026
Changes made at Sat Jan  3 14:24:38 UTC 2026
Changes made at Sat Jan  3 16:32:18 UTC 2026
Changes made at Sun Jan  4 08:35:19 UTC 2026
Changes made at Sun Jan  4 10:26:46 UTC 2026
Changes made at Sun Jan  4 14:24:01 UTC 2026
Changes made at Sun Jan  4 16:31:58 UTC 2026
Changes made at Mon Jan  5 08:41:45 UTC 2026
Changes made at Mon Jan  5 10:33:01 UTC 2026
Changes made at Mon Jan  5 14:31:48 UTC 2026
Changes made at Mon Jan  5 16:34:57 UTC 2026
Changes made at Tue Jan  6 08:39:38 UTC 2026
Changes made at Tue Jan  6 10:30:54 UTC 2026
Changes made at Tue Jan  6 14:29:33 UTC 2026
Changes made at Tue Jan  6 16:37:41 UTC 2026
Changes made at Wed Jan  7 08:39:02 UTC 2026
Changes made at Wed Jan  7 10:31:48 UTC 2026
Changes made at Wed Jan  7 14:30:57 UTC 2026
Changes made at Wed Jan  7 16:38:13 UTC 2026
Changes made at Thu Jan  8 08:39:03 UTC 2026
Changes made at Thu Jan  8 10:31:55 UTC 2026
Changes made at Thu Jan  8 14:31:54 UTC 2026
Changes made at Thu Jan  8 16:38:25 UTC 2026
Changes made at Fri Jan  9 08:38:53 UTC 2026
Changes made at Fri Jan  9 10:30:50 UTC 2026
Changes made at Fri Jan  9 14:30:46 UTC 2026
Changes made at Fri Jan  9 16:36:35 UTC 2026
Changes made at Sat Jan 10 08:33:54 UTC 2026
Changes made at Sat Jan 10 10:26:49 UTC 2026
Changes made at Sat Jan 10 14:25:12 UTC 2026
Changes made at Sat Jan 10 16:32:00 UTC 2026
Changes made at Sun Jan 11 08:34:16 UTC 2026
Changes made at Sun Jan 11 10:27:58 UTC 2026
Changes made at Sun Jan 11 14:25:17 UTC 2026
